{
  "Air_temperature_K": {
    "min": 295.3,
    "max": 304.5,
    "mean": 300.00493,
    "std": 2.0002586829157574
  },
  "Process_temperature_K": {
    "min": 305.7,
    "max": 313.8,
    "mean": 310.00556,
    "std": 1.4837342191657419
  },
  "Rotational_speed_rpm": {
    "min": 1168.0,
    "max": 2886.0,
    "mean": 1538.7761,
    "std": 179.28409591342628
  },
  "Torque_Nm": {
    "min": 3.8,
    "max": 76.6,
    "mean": 39.986909999999995,
    "std": 9.968933725121401
  },
  "Tool_wear_min": {
    "min": 0.0,
    "max": 253.0,
    "mean": 107.951,
    "std": 63.65414663663639
  },
  "Type_num": {
    "min": 1.0,
    "max": 3.0,
    "mean": 1.5003,
    "std": 0.6713009567231812
  },
  "strain_limit": {
    "min": 11000.0,
    "max": 13000.0,
    "mean": 11500.3,
    "std": 671.3009567232201
  },
  "temp_diff": {
    "min": 7.599999999999966,
    "max": 12.100000000000023,
    "mean": 10.00063,
    "std": 1.0010938127779054
  },
  "torque_rpm_ratio": {
    "min": 0.0013167013167013166,
    "max": 0.06383333333333333,
    "mean": 0.026895216576094897,
    "std": 0.008838301943369486
  },
  "thermal_stress": {
    "min": 9851.400000000014,
    "max": 32476.200000000033,
    "mean": 15385.72857,
    "std": 2343.4694226262554
  },
  "torque_type_ratio": {
    "min": 3.8,
    "max": 76.6,
    "mean": 31.326471666666666,
    "std": 13.595203887235932
  },
  "cooling_efficiency": {
    "min": 0.025115664243225266,
    "max": 0.0406722689075631,
    "mean": 0.033351908465804485,
    "std": 0.0034922274774210715
  },
  "speed_temp": {
    "min": 358809.6,
    "max": 888888.0,
    "mean": 477034.27388,
    "std": 55677.89114670747
  },
  "torque_sq": {
    "min": 14.44,
    "max": 5867.5599999999995,
    "mean": 1698.3226730000001,
    "std": 808.5294074754883
  },
  "speed_sq": {
    "min": 1364224.0,
    "max": 8328996.0,
    "mean": 2399971.4587,
    "std": 620336.5369005629
  },
  "temp_per_speed": {
    "min": 0.10672210672210672,
    "max": 0.26301369863013696,
    "mean": 0.20381015841037958,
    "std": 0.020603076325135427
  },
  "torque_per_temp": {
    "min": 0.012337662337662337,
    "max": 0.24877571008814886,
    "mean": 0.12899283675349263,
    "std": 0.03217110403320541
  },
  "wear_torque": {
    "min": 0.0,
    "max": 16497.0,
    "mean": 4314.66455,
    "std": 2826.5676924624113
  },
  "wear_speed": {
    "min": 0.0,
    "max": 607375.0,
    "mean": 166114.9644,
    "std": 100560.46353669494
  },
  "strain_ratio": {
    "min": 0.0,
    "max": 1.37475,
    "mean": 0.37653698729603724,
    "std": 0.2483870799707992
  },
  "stress_acc_proxy": {
    "min": 0.0,
    "max": 20819214.0,
    "mean": 6471441.76652,
    "std": 4016716.15568274
  }
}