{
  "name": "power",
  "unit": "Watts",
  "min": 1148.4406104462848,
  "max": 10469.923004765631,
  "mean": 6279.74495325343,
  "std": 1067.4182951178802
}