{
  "Air_temperature_K": {
    "min": 295.3,
    "max": 304.5,
    "mean": 300.00493,
    "median": 300.1,
    "std": 2.0002586829157574
  },
  "Rotational_speed_rpm": {
    "min": 1168.0,
    "max": 2886.0,
    "mean": 1538.7761,
    "median": 1503.0,
    "std": 179.28409591342628
  },
  "Torque_Nm": {
    "min": 3.8,
    "max": 76.6,
    "mean": 39.986909999999995,
    "median": 40.1,
    "std": 9.968933725121401
  },
  "Tool_wear_min": {
    "min": 0.0,
    "max": 253.0,
    "mean": 107.951,
    "median": 108.0,
    "std": 63.65414663663639
  },
  "Type_num": {
    "min": 1.0,
    "max": 3.0,
    "mean": 1.5003,
    "median": 1.0,
    "std": 0.6713009567231812
  },
  "strain_limit": {
    "min": 11000.0,
    "max": 13000.0,
    "mean": 11500.3,
    "median": 11000.0,
    "std": 671.3009567232201
  },
  "power": {
    "min": 1148.4406104462848,
    "max": 10469.923004765631,
    "mean": 6279.74495325343,
    "median": 6271.0273436101925,
    "std": 1067.4182951178802
  },
  "torque_rpm_ratio": {
    "min": 0.0013167013167013166,
    "max": 0.06383333333333333,
    "mean": 0.026895216576094897,
    "median": 0.026735320590882617,
    "std": 0.008838301943369486
  },
  "mech_stress": {
    "min": 10966.8,
    "max": 99980.40000000001,
    "mean": 59967.147039999996,
    "median": 59883.899999999994,
    "std": 10193.09388088403
  },
  "torque_type_ratio": {
    "min": 3.8,
    "max": 76.6,
    "mean": 31.326471666666666,
    "median": 30.6,
    "std": 13.595203887235932
  },
  "torque_sq": {
    "min": 14.44,
    "max": 5867.5599999999995,
    "mean": 1698.3226730000001,
    "median": 1608.0100000000002,
    "std": 808.5294074754883
  },
  "speed_sq": {
    "min": 1364224.0,
    "max": 8328996.0,
    "mean": 2399971.4587,
    "median": 2259009.0,
    "std": 620336.5369005629
  },
  "wear_torque": {
    "min": 0.0,
    "max": 16497.0,
    "mean": 4314.66455,
    "median": 4012.95,
    "std": 2826.5676924624113
  },
  "wear_speed": {
    "min": 0.0,
    "max": 607375.0,
    "mean": 166114.9644,
    "median": 163332.0,
    "std": 100560.46353669494
  },
  "strain_ratio": {
    "min": 0.0,
    "max": 1.37475,
    "mean": 0.37653698729603724,
    "median": 0.35102727272727274,
    "std": 0.2483870799707992
  },
  "stress_acc_proxy": {
    "min": 0.0,
    "max": 20819214.0,
    "mean": 6471441.76652,
    "median": 6287880.1,
    "std": 4016716.15568274
  }
}